Column_1,Column_2,Column_3,Column_4,Column_5,Column_6
"January 3, 202403:44[23]",F9B5B1082‑1,"Vandenberg,SLC‑4E",Starlink:Group 7-9(22 satellites),"~16,800 kg (37,000 lb)",LEO
"Launch of 22 Starlink v2mini satellites, including the first six to feature direct-to-cell connectivity, to a 525 km (326 mi) orbit at an inclination of 53° to expand internet constellation.",,,,,
"January 3, 202423:04[24]",F9B5B1076‑10,"Cape Canaveral,SLC‑40",Ovzon-3,"1,800 kg (4,000 lb)",GTO
"Broadband internet provider satellite.[25]First Falcon 9 launch to GTO with a return-to-launch-site (RTLS) landing. First commercial satellite withRoll Out Solar Arraythat was deployed on January 10, 2024.[26][27]",,,,,
"January 7, 202422:35[28]",F9B5B1067‑16,"Cape Canaveral,SLC‑40",Starlink:Group 6-35(23satellites),"~17,100 kg (37,700 lb)",LEO
"Launch of 23 Starlink v2mini satellites to a 530 km (330 mi) orbit at an inclination of 43° to expand internet constellation. Falcon record for total time from hangar rollout to launch at 6 hours, 33 minutes.[29]",,,,,
"January 14, 202408:59[30]",F9B5B1061‑18,"Vandenberg,SLC‑4E",Starlink:Group 7-10(22satellites),"~16,700 kg (36,800 lb)",LEO
Launch of 22 Starlink v2mini satellites to a 525 km (326 mi) orbit at an inclination of 53° to expand internet constellation. Second booster to fly for the 18th time.,,,,,
"January 15, 202401:52[31]",F9B5B1073‑12,"Cape Canaveral,SLC‑40",Starlink:Group 6-37(23satellites),"~17,100 kg (37,700 lb)",LEO
"Launch of 23 Starlink v2mini satellites to a 530 km (330 mi) orbit at an inclination of 43° to expand internet constellation. Shortest landing-to-landing turnaround of a droneship, at about 7 days. 300th successful mission for SpaceX.[32]Following this launch, SLC-40 was deactivated for planned maintenance and upgrades and would not see another flight until January 30.[33]",,,,,
"January 18, 202421:49[34]",F9B5B1080‑5,"Kennedy,LC‑39A",Ax-3(Crew Dragon C212-3Freedom),"~13,000 kg (29,000 lb)",LEO(ISS)
"Axiom contracted for three additional private crewed missions in June 2021.[35][36][37]The crew consisted of AmericanMichael López-Alegría, Italian astronautWalter Villadei,ESASwedish Project astronautMarcus Wandtand Turkish astronautAlper Gezeravcı.",,,,,
"January 24, 202400:35[38]",F9B5B1063‑16,"Vandenberg,SLC‑4E",Starlink:Group 7-11(22satellites),"~16,700 kg (36,800 lb)",LEO
Launch of 22 Starlink v2mini satellites to a 525 km (326 mi) orbit at an inclination of 53° to expand internet constellation.,,,,,
"January 29, 202401:10[39]",F9B5B1062‑18,"Kennedy,LC‑39A",Starlink:Group 6-38(23satellites),"~17,100 kg (37,700 lb)",LEO
Launch of 23 Starlink v2mini satellites to a 530 km (330 mi) orbit at an inclination of 43° to expand internet constellation. 1st time flying a fairing half for the 15th time.,,,,,
"January 29, 202405:57[40]",F9B5B1075‑9,"Vandenberg,SLC‑4E",Starlink:Group 7-12(22satellites),"~16,700 kg (36,800 lb)",LEO
"Launch of 22 Starlink v2mini satellites to a 525 km (326 mi) orbit at an inclination of 53° to expand internet constellation. This landing marked the fastest turnaround of a droneship at just over 5 days. The launch also marked the fastest turnaround time of SLC-4E at 5 days, 5 hours, 22 minutes, and 20 seconds, beating previous record of 6.5 days.",,,,,
"January 30, 202417:07[41]",F9B5B1077‑10,"Cape Canaveral,SLC‑40","CRS NG-20 (S.S. Patricia ""Patty"" Hilliard Robertson)","3,726 kg (8,214 lb)",LEO(ISS)
"First Cygnus flight on Falcon 9. Northrop Grumman acquired four flights from SpaceX while a replacement rocket stage is developed for its Antares rocket.[42]Eighth flight with short nozzle second stage, which has lower production cost and faster build time but is only suitable for missions with lower performance requirements. SpaceX modified the fairing to add a hatch for late cargo loads onto the spacecraft via mobile cleanroom.[43]UnmannedEnhanced Cygnuscargo spacecraft named in honor ofPatricia “Patty” Hilliard Robertson.",,,,,
"February 8, 202406:33[44]",F9B5B1081‑4,"Cape Canaveral,SLC‑40",PACE,"1,694 kg (3,735 lb)",SSO
"This was a mission to launch thePlankton, Aerosol, Cloud, ocean Ecosystem(PACE) spacecraft, a 1.7 tonnes (3,700 lb), US$800 million craft, that orbits at a 676 km (420 mi) altitude. It has theOcean Color Imagerintended to study phytoplankton in the ocean, as well as two polarimeters for studying properties of clouds, aerosols and the ocean. The launch price was US$80.4 million.[45]",,,,,
"February 10, 202400:34[46]",F9B5B1071‑14,"Vandenberg,SLC‑4E",Starlink:Group 7-13(22satellites),"~16,700 kg (36,800 lb)",LEO
Launch of 22 Starlink v2mini satellites to a 525 km (326 mi) orbit at an inclination of 53° to expand internet constellation.,,,,,
"February 14, 202422:30[47]",F9B5B1078‑7,"Cape Canaveral,SLC‑40",USSF-124 (6satellites),Unknown,LEO
Launch included two HBTSS and fourSDATranche 0 Tracking Layer satellites. Launch part of Phase 2 US Space Force contract awarded in 2022.[48]Second time a second stage featured Falcon medium coast mission-extension kit. 1st time flying a fairing half for the 15th time.,,,,,
"February 15, 202406:05[49]",F9B5B1060‑18,"Kennedy,LC‑39A",IM-1Nova-COdysseuslander,"1,931 kg (4,257 lb)",TLI
"Second mission under NASA's Commercial Lunar Payload Services (CLPS) program and the first successful lunar landing by a private American company. The lander delivered five payloads with a combined mass of up to 100 kg (LRA, NDL, LN-1, SCALPSS, and ROLSES), along with a deployable imaging system, EagleCam, designed to capture descent and surface operations. The spacecraft transmitted data from the lunar surface for approximately two weeks.[50][51][52]The LC-39A pad'stransporter erectorwas modified to fuel cryogenicliquid oxygenandliquid methaneinto the payload before liftoff.[53]",,,,,
"February 15, 202421:34[54]",F9B5B1082‑2,"Vandenberg,SLC‑4E",Starlink:Group 7-14(22satellites),"~16,700 kg (36,800 lb)",LEO
"Launch of 22 Starlink v2mini satellites to a 525 km (326 mi) orbit at an inclination of 53° to expand internet constellation. This mission marked the 300th Falcon 9 launch, the 200th consecutive successful landing of a booster, and the first time SpaceX launched three rockets within 24 hours. SpaceX removed the stiffener ring around the nozzle of Merlin Vacuum Engine on Starlink missions starting with this launch.[55]",,,,,
"February 20, 202420:11[56]",F9B5B1067‑17,"Cape Canaveral,SLC‑40",Telkomsat HTS 113BT,"4,000 kg (8,800 lb)",GTO
Indonesiansatellite to provide more capacity over Indonesia.[57]300th successful Falcon 9 mission.,,,,,
"February 23, 202404:11[58]",F9B5B1061‑19,"Vandenberg,SLC‑4E",Starlink:Group 7-15(22satellites),"~16,700 kg (36,800 lb)",LEO
"Launch of 22 Starlink v2mini satellites to a 525 km (326 mi) orbit at an inclination of 53° to expand internet constellation. This mission marked the second time a booster was flown for the 19th time and featured a Merlin engine that was being used on its 22nd mission beating its own record, having already surpassedSpace Shuttle Main Engineno. 2019's record of 19 flights.[59]",,,,,
"February 25, 202422:06[60]",F9B5B1069‑13,"Cape Canaveral,SLC‑40",Starlink:Group 6-39(24satellites),"~17,500 kg (38,600 lb)",LEO
"Launch of 24 Starlink v2mini satellites to a 530 km (330 mi) orbit at an inclination of 43° to expand internet constellation. New mass record on Falcon 9 taking 17,500 kg (38,600 lb) to low Earth orbit.[61]",,,,,
"February 29, 202415:30[62]",F9B5B1076‑11,"Cape Canaveral,SLC‑40",Starlink:Group 6-40(23satellites),"~17,100 kg (37,700 lb)",LEO
Launch of 23 Starlink v2mini satellites to a 530 km (330 mi) orbit at an inclination of 43° to expand internet constellation.,,,,,
"March 4, 202403:53[63]",F9B5B1083‑1,"Kennedy,LC‑39A",Crew-8(Crew Dragon C206-5Endeavour),"~13,000 kg (29,000 lb)",LEO(ISS)
"After first sixCrew Dragonlaunches of NASAUSCVaward, a further three missions for SpaceX were announced on December 3, 2021. These launches carry up to four astronauts and 100 kg (220 lb) of cargo to the ISS as well as feature a lifeboat function to evacuate astronauts from ISS in case of an emergency. SpaceX flew its 50th astronaut on this Crew Dragon launch.[64]",,,,,
"March 4, 202422:05[65]",F9B5B1081‑5,"Vandenberg,SLC‑4E",Transporter-10(53 payload smallsat rideshare),Unknown[l],SSO
"Dedicated SmallSat Rideshare mission to sun-synchronous orbit including the 1,000th satellite of SpaceX rideshare program.[66][67]Third time a second stage featured Falcon medium coast mission-extension kit.",,,,,
"March 4, 202423:56[68]",F9B5B1073‑13,"Cape Canaveral,SLC‑40",Starlink:Group 6-41(23satellites),"~17,100 kg (37,700 lb)",LEO
"Launch of 23 Starlink v2mini satellites to a 530 km (330 mi) orbit at an inclination of 43° to expand internet constellation. SpaceX set a new record for the shortest time between two Falcon launches at 1 hour and 51 minutes. The previous record time was 2 hours and 54 minutes, set between theUSSF-52(Boeing X-37BOTV-7) andStarlinkGroup 6–36 missions on December 29, 2023. Thus for the first time, SpaceX launch operations for a mission coincided with that of a preceding launch (in this case, payload deployment ofTransporter-10:(53 payloads SmallSat Rideshare).[69]It was a new record for the shortest time between three Falcon launches at 20 hours and 3 minutes. The previous record time was 23 hours and 4 minutes, set between flights 298 and 300 on February 14/15, 2024.",,,,,
"March 10, 202423:05[70]",F9B5B1077‑11,"Cape Canaveral,SLC‑40",Starlink:Group 6-43(23satellites),"~17,100 kg (37,700 lb)",LEO
Launch of 23 Starlink v2mini satellites to a 530 km (330 mi) orbit at an inclination of 43° to expand internet constellation.,,,,,
"March 11, 202404:09[71]",F9B5B1063‑17,"Vandenberg,SLC‑4E",Starlink:Group 7-17(23satellites),"~17,100 kg (37,700 lb)",LEO
Launch of 23 Starlink v2mini satellites to a 525 km (326 mi) orbit at an inclination of 53° to expand internet constellation. First time 23 Starlink v2mini satellites are launched on a flight from Vandenberg.,,,,,
"March 16, 202400:21[72]",F9B5B1062‑19,"Kennedy,LC‑39A",Starlink:Group 6-44(23satellites),"~17,100 kg (37,700 lb)",LEO
Launch of 23 Starlink v2mini satellites to a 530 km (330 mi) orbit at an inclination of 43° to expand internet constellation. 1st time flying a fairing half for the 16th time.,,,,,
"March 19, 202402:28[73]",F9B5B1075‑10,"Vandenberg,SLC‑4E",Starlink:Group 7-16(20satellites) + 2Starshieldsatellites,"~16,300 kg (35,900 lb)(Starlink)",LEO
Launch of 20 Starlink v2mini satellites to a 525 km (326 mi) orbit at an inclination of 53° to expand internet constellation and twoSpaceX Starshieldsatellites as rideshare.[74][75],,,,,
"March 21, 202420:55[76]",F9B5B1080‑6,"Cape Canaveral,SLC‑40",SpaceX CRS-30(Dragon C209-4),"2,721 kg (5,999 lb)",LEO(ISS)
"Six additionalCRS-2missions for Dragon 2 were announced in March 2022, resupplying the ISS until 2026.[77]First launch of Dragon 2 from SLC-40.",,,,,
"March 24, 202403:09[78]",F9B5B1060‑19,"Kennedy,LC‑39A",Starlink:Group 6-42(23satellites),"~17,100 kg (37,700 lb)",LEO
Launch of 23 Starlink v2mini satellites to a 530 km (330 mi) orbit at an inclination of 43° to expand internet constellation.,,,,,
"March 25, 202423:42[79]",F9B5B1078‑8,"Cape Canaveral,SLC‑40",Starlink:Group 6-46(23satellites),"~17,100 kg (37,700 lb)",LEO
"Launch of 23 Starlink v2mini satellites to a 530 km (330 mi) orbit at an inclination of 43° to expand internet constellation. Least time taken between landing and port's arrival at 50 hours and fastest turnaround of a pad switching from Dragon to Fairing mission, that was completed in 4 days.[80]",,,,,
"March 30, 202421:52[81]",F9B5B1076‑12,"Kennedy,LC‑39A",Eutelsat 36D,"5,000 kg (11,000 lb)",GTO
Television broadcast satellite. First time SpaceX completed 11 Falcon launches in a calendar month.,,,,,
"March 31, 202401:30[82]",F9B5B1067‑18,"Cape Canaveral,SLC‑40",Starlink:Group 6-45(23satellites),"~17,100 kg (37,700 lb)",LEO
Launch of 23 Starlink v2mini satellites to a 530 km (330 mi) orbit at an inclination of 43° to expand internet constellation. This marks the first time SpaceX has completed 12 Falcon launches in a calendar month.,,,,,
"April 2, 202402:30[83]",F9B5B1071‑15,"Vandenberg,SLC‑4E",Starlink:Group 7-18(22satellites),"~16,700 kg (36,800 lb)",LEO
Launch of 22 Starlink v2mini satellites to a 525 km (326 mi) orbit at an inclination of 53° to expand internet constellation.,,,,,
"April 5, 202409:12[84]",F9B5B1069‑14,"Cape Canaveral,SLC‑40",Starlink:Group 6-47(23satellites),"~17,100 kg (37,700 lb)",LEO
Launch of 23 Starlink v2mini satellites to a 530 km (330 mi) orbit at an inclination of 43° to expand internet constellation.,,,,,
"April 7, 202402:25[85]",F9B5B1081‑6,"Vandenberg,SLC‑4E",Starlink:Group 8-1(21satellites),"~16,800 kg (37,000 lb)",LEO
"Launch of 21 Starlink v2mini satellites, including six with direct-to-cell connectivity, to a 535 km (332 mi) orbit at an inclination of 53° to expand internet constellation.",,,,,
"April 7, 202423:16[86]",F9B5B1073‑14,"Kennedy,LC‑39A",Bandwagon-1(11 payload smallsat rideshare)425 Project Flight 2,Unknown[l],LEO
"Dedicated SmallSat Rideshare mission to 45° inclination, 550–600 km (340–370 mi) altitude.[67][87]The mission includes flight 2 of 425 Project, a militarySARsatellite of South Korea with a mass of ~800 kg (1,800 lb).",,,,,
"April 10, 202405:40[88]",F9B5B1083‑2,"Cape Canaveral,SLC‑40",Starlink:Group 6-48(23satellites),"~17,100 kg (37,700 lb)",LEO
Launch of 23 Starlink v2mini satellites to a 530 km (330 mi) orbit at an inclination of 43° to expand internet constellation. 1st time flying a fairing half for the 17th time.,,,,,
"April 11, 202414:25[89]",F9B5B1082‑3,"Vandenberg,SLC‑4E",USSF-62 (WSF-M 1),"1,200 kg (2,600 lb)",SSO
"Launch part of Phase 2 US Space Force contract awarded in 2022. This was the first launch of theWeather System Follow-on Microwaveweather satellite, which replaced the agingDefense Meteorological Satellite Programsatellites.[90][48]",,,,,
"April 13, 202401:40[91]",F9B5B1062‑20,"Cape Canaveral,SLC‑40",Starlink:Group 6-49(23satellites),"~17,100 kg (37,700 lb)",LEO
"Launch of 23 Starlink v2mini satellites to a 530 km (330 mi) orbit at an inclination of 43° to expand internet constellation. First booster to fly for the 20th time, new record.",,,,,
"April 17, 202421:26[92]",F9B5B1077‑12,"Kennedy,LC‑39A",Starlink:Group 6-51(23satellites),"~17,100 kg (37,700 lb)",LEO
Launch of 23 Starlink v2mini satellites to a 530 km (330 mi) orbit at an inclination of 43° to expand internet constellation.,,,,,
"April 18, 202422:40[93]",F9B5B1080‑7,"Cape Canaveral,SLC‑40",Starlink:Group 6-52(23satellites),"~17,100 kg (37,700 lb)",LEO
Launch of 23 Starlink v2mini satellites to a 530 km (330 mi) orbit at an inclination of 43° to expand internet constellation.,,,,,
"April 23, 202422:17[94]",F9B5B1078‑9,"Cape Canaveral,SLC‑40",Starlink:Group 6-53(23satellites),"~17,100 kg (37,700 lb)",LEO
"Launch of 23 Starlink v2mini satellites to a 530 km (330 mi) orbit at an inclination of 43° to expand internet constellation. 300th Falcon booster landing, including both Falcon 9 and Falcon Heavy boosters.[95]",,,,,
"April 28, 202400:34[96]",F9B5B1060‑20,"Kennedy,LC‑39A",Galileo-L12 (FOC FM25 & FM27),"1,600 kg (3,500 lb)",MEO
"First Galileo satellites booked on a US rocket following delays to the EuropeanAriane 6program. The booster was expended on this mission due to the performance needed to get the payload to the desired 23,616 km orbit.",,,,,
"April 28, 202422:08[97]",F9B5B1076‑13,"Cape Canaveral,SLC‑40",Starlink:Group 6-54(23satellites),"~17,100 kg (37,700 lb)",LEO
Launch of 23 Starlink v2mini satellites to a 530 km (330 mi) orbit at an inclination of 43° to expand internet constellation. 300th consecutive successful Falcon 9 launch.,,,,,
"May 2, 202418:36[98]",F9B5B1061‑20,"Vandenberg,SLC‑4E",WorldView Legion1 & 2,"1,500 kg (3,300 lb)",SSO
"TwoMaxar Technologiessatellites built by subsidiarySSLfor subsidiaryDigitalGlobe.[99]Ninth flight with short nozzle second stage aimed at lowering costs and improving launch cadence, but is only suitable for missions with lower performance requirements.",,,,,
"May 3, 202402:37[100]",F9B5B1067‑19,"Cape Canaveral,SLC‑40",Starlink:Group 6-55(23satellites),"~17,100 kg (37,700 lb)",LEO
Launch of 23 Starlink v2mini satellites to a 530 km (330 mi) orbit at an inclination of 43° to expand internet constellation. 1st time flying a fairing half for the 18th time.,,,,,
"May 6, 202418:14[101]",F9B5B1069‑15,"Cape Canaveral,SLC‑40",Starlink:Group 6-57(23satellites),"~17,100 kg (37,700 lb)",LEO
Launch of 23 Starlink v2mini satellites to a 530 km (330 mi) orbit at an inclination of 43° to expand internet constellation.,,,,,
"May 8, 202418:42[102]",F9B5B1083‑3,"Kennedy,LC‑39A",Starlink:Group 6-56(23satellites),"~17,100 kg (37,700 lb)",LEO
Launch of 23 Starlink v2mini satellites to a 530 km (330 mi) orbit at an inclination of 43° to expand internet constellation.,,,,,
"May 10, 202404:30[103]",F9B5B1082‑4,"Vandenberg,SLC‑4E",Starlink:Group 8-2(20satellites),"~16,300 kg (35,900 lb)",LEO
"Launch of 20 Starlink v2mini satellites, including 13 with direct-to-cell connectivity, to a 535 km (332 mi) orbit at an inclination of 53° to expand internet constellation.",,,,,
"May 13, 202400:53[104]",F9B5B1073‑15,"Cape Canaveral,SLC‑40",Starlink:Group 6-58(23satellites),"~17,100 kg (37,700 lb)",LEO
Launch of 23 Starlink v2mini satellites to a 530 km (330 mi) orbit at an inclination of 43° to expand internet constellation.,,,,,
"May 14, 202418:39[105]",F9B5B1063‑18,"Vandenberg,SLC‑4E",Starlink:Group 8-7(20satellites),"~16,300 kg (35,900 lb)",LEO
"Launch of 20 Starlink v2mini satellites, including 13 with direct-to-cell connectivity, to a 535 km (332 mi) orbit at an inclination of 53° to expand internet constellation.",,,,,
"May 18, 202400:32[106]",F9B5B1062‑21,"Cape Canaveral,SLC‑40",Starlink:Group 6-59(23satellites),"~17,100 kg (37,700 lb)",LEO
"Launch of 23 Starlink v2mini satellites to a 530 km (330 mi) orbit at an inclination of 43° to expand internet constellation. First booster to fly for the 21st time, new record.",,,,,
"May 22, 202408:00[107]",F9B5B1071‑16,"Vandenberg,SLC‑4E",NROL-146 (21Starshieldsatellites),Unknown,SSO
The first launch of SpaceX/Northrop builtStarshieldsatellites for the National Reconnaissance Office.[108][109],,,,,
"May 23, 202402:35[110]",F9B5B1080‑8,"Cape Canaveral,SLC‑40",Starlink:Group 6-62(23satellites),"~17,100 kg (37,700 lb)",LEO
Launch of 23 Starlink v2mini satellites to a 530 km (330 mi) orbit at an inclination of 43° to expand internet constellation.,,,,,
"May 24, 202402:45[111]",F9B5B1077‑13,"Kennedy,LC‑39A",Starlink:Group 6-63(23satellites),"~17,100 kg (37,700 lb)",LEO
Launch of 23 Starlink v2mini satellites to a 530 km (330 mi) orbit at an inclination of 43° to expand internet constellation. 1st time flying a fairing half for the 19th time.,,,,,
"May 28, 202414:24[112]",F9B5B1078‑10,"Cape Canaveral,SLC‑40",Starlink:Group 6-60(23satellites),"~17,100 kg (37,700 lb)",LEO
Launch of 23 Starlink v2mini satellites to a 559 km (347 mi) orbit at an inclination of 43° to expand internet constellation.,,,,,
"May 28, 202422:20[113]",F9B5B1081‑7,"Vandenberg,SLC‑4E",EarthCARE,"2,350 kg (5,180 lb)",SSO
"EarthCARE (Cloud, Aerosol and Radiation Explorer) satellite was the sixth mission in ESA's Earth Explorer program.[114]Tenth flight with short nozzle second stage aimed at lowering costs and improving launch cadence, but is only suitable for missions with lower performance requirements. This marked the first time SpaceX has completed 13 Falcon launches in a calendar month.",,,,,
"June 1, 202402:37[115]",F9B5B1076‑14,"Cape Canaveral,SLC‑40",Starlink:Group 6-64(23satellites),"~17,100 kg (37,700 lb)",LEO
"Launch of 23 Starlink v2mini satellites to a 559 km (347 mi) orbit at an inclination of 43° to expand internet constellation. Fastest landing-to-landing turnaround of a drone ship, withA Shortfall of Gravitashaving serviced the previous Starlink launch only 3 days, 12 hours prior.[116]First time SpaceX has completed 14 Falcon launches in a calendar month (the launch took place on the evening of May 31 local time).",,,,,
"June 5, 202402:16[117]",F9B5B1067‑20,"Cape Canaveral,SLC‑40",Starlink:Group 8-5(20satellites),"~16,300 kg (35,900 lb)",LEO
"Launch of 20 Starlink v2mini satellites, including 13 with direct-to-cell connectivity, to a 535 km (332 mi) orbit at an inclination of 53° to expand internet constellation.",,,,,
"June 8, 202401:56[118]",F9B5B1069‑16,"Cape Canaveral,SLC‑40",Starlink:Group 10-1(22satellites),"~16,700 kg (36,800 lb)",LEO
Launch of 22 Starlink v2mini satellites to a 279 km (173 mi) orbit at an inclination of 53° to expand internet constellation. 300th Falcon 9 booster landing.,,,,,
"June 8, 202412:58[119]",F9B5B1061‑21,"Vandenberg,SLC‑4E",Starlink:Group 8-8(20satellites),"~16,300 kg (35,900 lb)",LEO
"Launch of 20 Starlink v2mini satellites, including 13 with direct-to-cell connectivity, to a 535 km (332 mi) orbit at an inclination of 53° to expand internet constellation. Second booster to fly for the 21st time.",,,,,
"June 19, 202403:40[120]",F9B5B1082‑5,"Vandenberg,SLC‑4E",Starlink:Group 9-1(20satellites),"~16,300 kg (35,900 lb)",LEO
"Launch of 20 Starlink v2mini satellites, including 13 with direct-to-cell connectivity, to a 535 km (332 mi) orbit at an inclination of 53° to expand internet constellation.",,,,,
"June 20, 202421:35[121]",F9B5B1080‑9,"Cape Canaveral,SLC‑40",Astra 1P,"5,000 kg (11,000 lb)",GTO
ASESsatellite serving major broadcasters across Europe.,,,,,
"June 23, 202417:15[122]",F9B5B1078‑11,"Cape Canaveral,SLC‑40",Starlink:Group 10-2(22satellites),"~16,700 kg (36,800 lb)",LEO
Launch of 22 Starlink v2mini satellites to a 279 km (173 mi) orbit at an inclination of 53° to expand internet constellation. A launch attempt on June 14 was scrubbed whenB1073commanded an abort seconds after engine ignition. The payload and second stage were moved toB1078for launch.[123]1st time flying a fairing half for the 20th time.,,,,,
"June 24, 202403:47[124]",F9B5B1075‑11,"Vandenberg,SLC‑4E",Starlink:Group 9-2(20satellites),"~16,300 kg (35,900 lb)",LEO
"Launch of 20 Starlink v2mini satellites, including 13 with direct-to-cell connectivity, to a 535 km (332 mi) orbit at an inclination of 53° to expand internet constellation.",,,,,
"June 25, 202421:26[125]",Falcon HeavyB5B1087(core),"Kennedy,LC‑39A",GOES-U (GOES-19)[126],"5,000 kg (11,000 lb)",GTO
B1072‑1(side),Success (LZ‑1),,,,
B1086‑1(side),Success (LZ‑2),,,,
"In September 2021, NASA awarded SpaceX a $152.5 million contract to provide launch services for theGOES-Uweather satellite (renamed as GOES-19 after reaching geostationary orbit).[127]Fourth time a second stage featured Falcon medium coast mission-extension kit. Center core expended as side boosters landed on LZ-1 and 2.",,,,,
"June 27, 202411:14[128]",F9B5B1062‑22,"Cape Canaveral,SLC‑40",Starlink:Group 10-3(23satellites),"~17,100 kg (37,700 lb)",LEO
"Launch of 23 Starlink v2mini satellites to a 279 km (173 mi) orbit at an inclination of 53° to expand internet constellation. First booster to fly for the 22nd time, new record.",,,,,
"June 29, 202403:14[129]",F9B5B1081‑8,"Vandenberg,SLC‑4E",NROL-186 (~21Starshieldsatellites),Unknown,SSO
The second launch of SpaceX/Northrop GrummanbuiltStarshieldsatellites for the National Reconnaissance Office.,,,,,
"July 3, 202408:55[130]",F9B5B1073‑16,"Cape Canaveral,SLC‑40",Starlink:Group 8-9(20satellites),"~16,300 kg (35,900 lb)",LEO
"Launch of 20 Starlink v2mini satellites, including 13 with direct-to-cell connectivity, to a 535 km (332 mi) orbit at an inclination of 53° to expand internet constellation. 100th Starlink satellite launched with direct-to-cell connectivity.",,,,,
"July 8, 202423:30[131]",F9B5B1076‑15,"Cape Canaveral,SLC‑40",Türksat 6A,"4,250 kg (9,370 lb)",GTO
First domestically produced Turkish communications satellite.[132],,,,,
"July 12, 202402:35[133]",F9B5B1063‑19,"Vandenberg,SLC‑4E",Starlink:Group 9-3(20satellites),"~16,300 kg (35,900 lb)",LEO
"Launch of 20 Starlink v2mini satellites, including 13 with direct-to-cell connectivity, that failed to reach the target orbit. The mission experienced a failure of its second stage. While the initial burn proceeded as planned, a subsequent liquid oxygen leak led to engine disintegration during a planned second burn.[134][135]All starlink satellites were deployed, but without the additional burn, all Starlink satellites were lost due to atmospheric drag.[136]The incident marked the first Falcon 9 Block 5 failure since its introduction, ending a streak of 325 consecutive successful Falcon 9 launches following the pre-flight anomaly ofAMOS-6.[137][138]The FAA initiated a SpaceX-performed mishap investigation, halting Falcon 9 launches until concluding that no public safety risks were present.[139]The rocket was cleared to resume flight on July 25, 2024, though the overall investigation remained open.[140]",,,,,
"July 27, 202405:45[141]",F9B5B1069‑17,"Kennedy,LC‑39A",Starlink:Group 10-9(23satellites),"~17,100 kg (37,700 lb)",LEO
Launch of 23 Starlink v2mini satellites to a 279 km (173 mi) orbit at an inclination of 53° to expand internet constellation. Return-to-flight mission.,,,,,
"July 28, 202405:09[142]",F9B5B1077‑14,"Cape Canaveral,SLC‑40",Starlink:Group 10-4(23satellites),"~17,100 kg (37,700 lb)",LEO
Launch of 23 Starlink v2mini satellites to a 279 km (173 mi) orbit at an inclination of 53° to expand internet constellation. 300th Falcon first-stage reflight.,,,,,
"July 28, 202409:22[142]",F9B5B1071‑17,"Vandenberg,SLC‑4E",Starlink:Group 9-4(21satellites),"~16,500 kg (36,400 lb)",LEO
"Launch of 21 Starlink v2mini satellites, including 13 with direct-to-cell connectivity, to a 535 km (332 mi) orbit at an inclination of 53° to expand internet constellation.",,,,,
"August 2, 202405:01[143]",F9B5B1078‑12,"Kennedy,LC‑39A",Starlink:Group 10-6(23satellites),"~17,100 kg (37,700 lb)",LEO
Launch of 23 Starlink v2mini satellites to a 279 km (173 mi) orbit at an inclination of 53° to expand internet constellation.,,,,,
"August 4, 202407:24[144]",F9B5B1082‑6,"Vandenberg,SLC‑4E",Starlink:Group 11-1(23satellites),"~17,100 kg (37,700 lb)",LEO
Launch of 23 Starlink v2mini satellites to a 535 km (332 mi) orbit at an inclination of 53° to expand internet constellation.,,,,,
"August 4, 202415:02[145]",F9B5B1080‑10,"Cape Canaveral,SLC‑40","CRS NG-21 (S.S. Francis R. ""Dick"" Scobee)","3,857 kg (8,503 lb)",LEO(ISS)
"Second of four launches Northrop Grumman acquired from SpaceX while a replacement rocket stage is developed for its Antares rocket. UnmannedEnhanced Cygnuscargo spacecraft named in honor ofFrancis R. ""Dick"" Scobee. Eleventh flight with short nozzle second stage aimed at lowering costs and improving launch cadence, but is only suitable for missions with lower performance requirements.",,,,,
"August 10, 202412:50[146]",F9B5B1067‑21,"Cape Canaveral,SLC‑40",Starlink:Group 8-3(21satellites),"~16,500 kg (36,400 lb)",LEO
"Launch of 21 Starlink v2mini satellites, including 13 with direct-to-cell connectivity, to a 535 km (332 mi) orbit at an inclination of 53° to expand internet constellation.",,,,,
"August 12, 202402:02[147]",F9B5B1061‑22,"Vandenberg,SLC‑4E",ASBM1(GX10A) &ASBM2(GX10B),"~7,230 kg (15,940 lb)[148]",Molniya
"Space Norwaylaunched two satellites built byInmarsatfor theArctic Satellite Broadband Mission(ASBM) system into highly elliptical Molniya transfer orbits[149](apogee: 43,509 km (27,035 mi), perigee: 8,089 km (5,026 mi), 63.4° inclination) to provide communication coverage to high latitudes not served by geosynchronous satellites.[150][151][152]Second booster to fly for the 22nd time.",,,,,
"August 12, 202410:37[153]",F9B5B1073‑17,"Kennedy,LC‑39A",Starlink:Group 10-7(23satellites),"~17,100 kg (37,700 lb)",LEO
Launch of 23 Starlink v2mini satellites to a 279 km (173 mi) orbit at an inclination of 53° to expand internet constellation.,,,,,
"August 15, 202413:00[154]",F9B5B1076‑16,"Cape Canaveral,SLC‑40",WorldView Legion3 & 4,"1,500 kg (3,300 lb)",LEO
Maxar Technologiesbuilt satellites.[99][155],,,,,
"August 16, 202418:56[156]",F9B5B1075‑12,"Vandenberg,SLC-4E",Transporter-11(116 payload smallsat rideshare),Unknown[l],SSO
Dedicated SmallSat Rideshare mission to sun-synchronous orbit.[67]Fifth time a second stage featured Falcon medium coast mission-extension kit.,,,,,
"August 20, 202413:20[157]",F9B5B1085‑1,"Cape Canaveral,SLC‑40",Starlink:Group 10-5(23 satellites),"~16,700 kg (36,800 lb)",LEO
Launch of 23 Starlink v2mini satellites to a 279 km (173 mi) orbit at an inclination of 53° to expand internet constellation.,,,,,
"August 28, 202407:48[158]",F9B5B1062‑23,"Cape Canaveral,SLC‑40",Starlink:Group 8-6(21 satellites),"~16,700 kg (36,800 lb)",LEO
"Launch of 21 Starlink v2mini-satellites, including 13 with direct-to-cell connectivity, to a 535 km (332 mi) orbit at an inclination of 53° to expand internet constellation. The booster was making its 23rd flight, a new record. The booster caught fire during the touchdown, immediately tipped over, and was destroyed. This marked the first landing failure in over three years, ending a streak of 267 successful landings and the first failure on theA Shortfall of Gravitasplatform.[159]The FAA required SpaceX to investigate the landing failure.[160][161]On Aug 30, the FAA approved the request for SpaceX to return Falcon 9 to launch.[162]",,,,,
"August 31, 202407:43[163]",F9B5B1069‑18,"Cape Canaveral,SLC‑40",Starlink:Group 8-10(21 satellites),"~16,700 kg (36,800 lb)",LEO
"Launch of 21 Starlink v2mini satellites, including 13 with direct-to-cell connectivity, to a 535 km (332 mi) orbit at an inclination of 53° to expand internet constellation.",,,,,
"August 31, 202408:48[164]",F9B5B1081‑9,"Vandenberg,SLC-4E",Starlink:Group 9-5(21 satellites),"~16,700 kg (36,800 lb)",LEO
"Launch of 21 Starlink v2mini satellites, including 13 with direct-to-cell connectivity, to a 535 km (332 mi) orbit at an inclination of 53° to expand internet constellation. New record for the time between missions from different pads, launching 1hour and 5minutes after the prior flight.",,,,,
"September 5, 202415:33[165]",F9B5B1077‑15,"Cape Canaveral,SLC‑40",Starlink:Group 8-11(21 satellites),"~16,700 kg (36,800 lb)",LEO
"Launch of 21 Starlink v2mini satellites, including 13 with direct-to-cell connectivity, to a 535 km (332 mi) orbit at an inclination of 53° to expand internet constellation.",,,,,
"September 6, 202403:20[166]",F9B5B1063‑20,"Vandenberg,SLC‑4E",NROL-113 (21Starshieldsatellites),Unknown,LEO
Launch of 21 Starshield satellites to 70° inclination orbit. Third launch of SpaceX/Northrop Grumman-built Starshield satellites for the National Reconnaissance Office. Launch marked the 100th successful landing on theOf Course I Still Love Youdroneship.,,,,,
"September 10, 202409:23[167]",F9B5B1083‑4,"Kennedy,LC‑39A",Polaris Dawn(Crew Dragon C207-3Resilience),"~13,000 kg (29,000 lb)",LEO
"First of twoCrew Dragonmissions for the Polaris Program. The rocket launched Crew Dragon withJared Isaacman,Scott Poteet,Sarah GillisandAnna Menoninto an elliptic orbit, reaching an altitude of 1,400 kilometers (870 mi); the farthest anyone has been from Earth since NASA'sApollo program. During the five-day mission, Isaacman and Gillis performed the first commercialspacewalk.[168]The mission was also the first test of Dragon's laser interlink communication viaStarlink.[169]Resiliencehas been modified extensively for this mission.[170]",,,,,
"September 12, 202408:52[171]",F9B5B1078‑13,"Cape Canaveral,SLC‑40",BlueBird Block 1 (5 satellites)[172],"7,500 kg (16,500 lb)",LEO
"Cellphone-compatible broadband constellation. Each satellite is a similar size and weight to its 1,500-kilogram (3,300 lb) BlueWalker 3 prototype and have a 64-square-meter (690 sq ft) phased array antenna.",,,,,
"September 13, 202401:45[173]",F9B5B1071‑18,"Vandenberg,SLC-4E",Starlink:Group 9-6(21satellites),"~16,700 kg (36,800 lb)",LEO
"Launch of 21 Starlink v2mini satellites, including 13 with direct-to-cell connectivity, to a 535 km (332 mi) orbit at an inclination of 53° to expand internet constellation.",,,,,
"September 17, 202422:50[174]",F9B5B1067‑22,"Cape Canaveral,SLC‑40",Galileo-L13 (FOC FM26 & FM32),"1,600 kg (3,500 lb)",MEO
"Second and last launch of Galileo navigation satellites on Falcon 9. Originally planned to launch on Soyuz, but canceled after the Russian invasion of Ukraine. Launch was shifted to the new Ariane 6 rocket, but the program was delayed.[175]On the previous Galileo launch, the booster was expended due to a lack of fuel for a landing. However, that launch provided data that allowed SpaceX to make design and operational changes to recover the booster on this launch. The company said this landing attempt would test the bounds of recovery.[174]",,,,,
"September 20, 202413:50[176]",F9B5B1075‑13,"Vandenberg,SLC-4E",Starlink:Group 9-17(20satellites),"~16,300 kg (35,900 lb)",LEO
"Launch of 20 Starlink v2mini satellites, including 13 with direct-to-cell connectivity, to a 535 km (332 mi) orbit at an inclination of 53° to expand internet constellation.",,,,,
"September 25, 202404:01[177]",F9B5B1081‑10,"Vandenberg,SLC-4E",Starlink:Group 9-8(20satellites),"~16,300 kg (35,900 lb)",LEO
"Launch of 20 Starlink v2mini satellites, including 13 with direct-to-cell connectivity, to a 535 km (332 mi) orbit at an inclination of 53° to expand internet constellation.",,,,,
"September 28, 202417:17[178]",F9B5B1085‑2,"Cape Canaveral,SLC‑40",Crew-9(Crew Dragon C212-4Freedom),"~13,000 kg (29,000 lb)",LEO(ISS)
"Long-duration mission to theInternational Space Station(ISS). First crewed mission to launch fromSLC-40.[180]The launch carried two members of theExpedition 72crew,Nick HagueandAleksandr Gorbunov, along with a small amount of cargo to the ISS.[179]Due to technical issues with theBoeing StarlinerCalypsothe crew complement of the launch was reduced down to two andBarry E. WilmoreandSunita Williams, the crew of theBoeing Crew Flight Test, joined the Crew-9 and Expedition 72 crew complement.[181]The second stage experienced an off-nominal deorbit burn that ran for an extra 500 milliseconds, and while it landed safely in the ocean, it landed short of the targeted area.[182]SpaceX said they would temporarily halt launches while time was spent understanding the root cause. Several days later the FAA said they would require an investigation into the failure before issuing a return to flight for the Falcon 9. It marked the third time in a span of three months that the Falcon 9 suffered an anomaly temporarily stopping launches.[183][184]On October 11, the FAA approved the Falcon 9 to return to flight for low-Earth orbit missions, after granting approval for the Hera launch due to its heliocentric orbit.[185]",,,,,
"October 7, 202414:52[186]",F9B5B1061‑23,"Cape Canaveral,SLC‑40",Hera,"1,108 kg (2,443 lb)",Heliocentric
"Herais aEuropean Space Agencymission under its Space Safety program. Its primary goal is to study the aftermath of NASA'sDARTmission, which intentionally collided with theDidymos binary asteroid system. By analyzing the crater formed and the momentum transferred during the impact, Hera will help validate thekineticimpact method as a potential strategy for deflecting anear-Earth asteroidon a collision course with Earth. The mission will provide data on the efficiency of this technique. It also carries twonano-satelliteCubeSats, calledMilaniandJuventas. This was the second booster to complete its 23rd flight. Although the Falcon 9 remained unable to launch following the Crew-9 mishap, the FAA granted an exemption for the Hera launch, as it did not involve a second-stage reentry.[187]First stage was expended because all of its performance were needed to go to the heliocentric orbit.",,,,,
"October 14, 202416:06[188]",Falcon HeavyB5B1089(core),"Kennedy,LC‑39A",Europa Clipper,"6,065 kg (13,371 lb)",Heliocentric
B1064‑6(side),No attempt,,,,
B1065‑6(side),No attempt,,,,
"Europa Clipperwill conduct a detailed survey ofEuropaand use a sophisticated suite of science instruments to investigate whether the icy moon has conditions suitable for life. Key mission objectives are to produce high-resolution images of Europa's surface, determine its composition, look for signs of recent or ongoing geological activity, measure the thickness of the moon's icy shell, search for subsurface lakes, and determine the depth and salinity of Europa's ocean.[189][190]The spacecraft will fly past Mars and Earth before arriving at Jupiter in April 2030.[191][192]At 45,648 km/h (28,364 mph) the launch had the highest-speed payload injection ever achieved by SpaceX, however to reach that speed, the core and side boosters were expended without grid fins and landing legs.[193][194]",,,,,
"October 15, 202406:10[195]",F9B5B1080‑11,"Cape Canaveral,SLC‑40",Starlink:Group 10-10(23satellites),"~17,100 kg (37,700 lb)",LEO
"Launch of 23 Starlink v2 mini satellites to a 279 km (173 mi) orbit at an inclination of 53° to expand internet constellation. This was the 100th SpaceX launch this year, a first by any launch agency in a particular calendar year.",,,,,
"October 15, 202408:21[196]",F9B5B1071‑19,"Vandenberg,SLC-4E",Starlink:Group 9-7(20satellites),"~16,300 kg (35,900 lb)",LEO
"Launch of 20 Starlink v2 mini satellites, including 13 with direct-to-cell connectivity, to a 535 km (332 mi) orbit at an inclination of 53° to expand internet constellation.",,,,,
"October 18, 202423:31[197]",F9B5B1076‑17,"Cape Canaveral,SLC‑40",Starlink:Group8-19(20satellites),"~16,300 kg (35,900 lb)",LEO
"Launch of 20 Starlink v2mini satellites, including 13 with direct-to-cell connectivity to a 535 km (332 mi) orbit at an inclination of 53° to expand internet constellation. With this launch, SpaceX's Falcon family surpassed the yearly world record for most launches attempted, previously set by themselves last year.",,,,,
"October 20, 202405:13[198]",F9B5B1082‑7,"Vandenberg,SLC-4E",OneWeb #20(20 satellites),"2,954 kg (6,512 lb)",PolarLEO
"Launch of 20 OneWeb satellites to expand internet constellation. 12th flight with short nozzle second stage. This was the 100th Falcon launch this year, the first by any rocket family in a particular calendar year. Moreover, with this launch, SpaceX's Falcon family surpassed the yearly world record for most successful launches, previously set by themselves last year.",,,,,
"October 23, 202421:47[199]",F9B5B1073‑18,"Cape Canaveral,SLC‑40",Starlink:Group 6-61(23satellites),"~17,100 kg (37,700 lb)",LEO
Launch of 23 Starlink v2mini satellites to a 559 km (347 mi) orbit at an inclination of 43° to expand internet constellation. This was the 100th Falcon launch attempt this year.,,,,,
"October 24, 202417:13[200]",F9B5B1063‑21,"Vandenberg,SLC-4E",NROL-167(~17Starshieldsatellites),Unknown,LEO
"Fourth launch of SpaceX/Northrop Grumman-built Starshield satellites for the National Reconnaissance Office. This was the 100th successful Falcon 9 launch this year, a record.",,,,,
"October 26, 202421:47[201]",F9B5B1069‑19,"Cape Canaveral,SLC‑40",Starlink:Group 10-8(22satellites),"~16,700 kg (36,800 lb)",LEO
"Launch of 22 Starlink v2mini satellites to a 279 km (173 mi) orbit at an inclination of 53° to expand internet constellation. 100th successful Falcon 9 booster landing in 2024, a record.",,,,,
"October 30, 202412:07[202]",F9B5B1075‑14,"Vandenberg,SLC-4E",Starlink:Group 9-9(20satellites),"~16,300 kg (35,900 lb)",LEO
"Launch of 20 Starlink v2 mini satellites, including 13 with direct-to-cell connectivity, to a 535 km (332 mi) orbit at an inclination of 53° to expand internet constellation. 200th launch of dedicated starlink missions.",,,,,
"October 30, 202421:10[203]",F9B5B1078‑14,"Cape Canaveral,SLC‑40",Starlink:Group 10-13(23 satellites),"~17,100 kg (37,700 lb)",LEO
Launch of 23 Starlink v2mini satellites to a 279 km (173 mi) orbit at an inclination of 53° to expand internet constellation.,,,,,
"November 5, 202402:29[204]",F9B5B1083‑5,"Kennedy,LC‑39A",SpaceX CRS-31(Cargo Dragon C208-5),"2,762 kg (6,089 lb)",LEO(ISS)
"Carried 2,762 kg (6,089 lb) of cargo and supplies to the International Space Station (ISS).[205]CRS-31 is the first Dragon scheduled to perform a test ""reboost"" of the ISS on November 8, 2024, burning its aft-facing Draco thrusters for 12.5 minutes to counteract atmospheric drag on the station.[206]",,,,,
"November 7, 202420:19[207]",F9B5B1085‑3,"Cape Canaveral,SLC‑40",Starlink:Group 6-77(23 satellites),"~17,100 kg (37,700 lb)",LEO
Launch of 23 Starlink v2mini satellites to a 559 km (347 mi) orbit at an inclination of 43° to expand internet constellation.,,,,,
"November 9, 202406:14[208]",F9B5B1081‑11,"Vandenberg,SLC-4E",Starlink:Group 9-10(20satellites),"~16,300 kg (35,900 lb)",LEO
"Launch of 20 Starlink v2 mini satellites, including 13 with direct-to-cell connectivity, to a 535 km (332 mi) orbit at an inclination of 53° to expand internet constellation.",,,,,
11 November 202417:22[209],F9B5B1067‑23,"Kennedy,LC‑39A",Koreasat6A,"3,500 kg (7,700 lb)",GTO
"South Korean communications satellite built on theSpacebus-4000B2 platform. To be positioned at 116° east.[210][211]First booster to successfully complete 23 launches and landings, surpassing boosterB1062, which experienced a landing failure on its 23rd flight. Koreasat 6A weigh about 3.5 metric tons.[212]",,,,,
"November 11, 202421:28[213]",F9B5B1080‑12,"Cape Canaveral,SLC‑40",Starlink:Group 6-69(24satellites),"~17,500 kg (38,600 lb)",LEO
"Launch of 24 Starlink v2mini satellites to a 559 km (347 mi) orbit at an inclination of 43° to expand internet constellation. Second Starlink v2mini mission to launch 24 satellites, the first was Group 6-39, launched on flightF9-303in February 2024.",,,,,
"November 14, 202405:23[214]",F9B5B1082‑8,"Vandenberg,SLC-4E",Starlink:Group 9-11(20satellites),"~16,300 kg (35,900 lb)",LEO
"Launch of 20 Starlink v2 mini satellites, including 13 with direct-to-cell connectivity, to a 535 km (332 mi) orbit at an inclination of 53° to expand internet constellation.",,,,,
"November 14, 202413:21[215]",F9B5B1076‑18,"Cape Canaveral,SLC‑40",Starlink:Group 6-68(24 satellites),"~17,500 kg (38,600 lb)",LEO
Launch of 24 Starlink v2mini satellites to a 559 km (347 mi) orbit at an inclination of 43° to expand internet constellation. First time SpaceX has completed 17 Falcon launches in 31 days.,,,,,
"November 17, 202422:28[216]",F9B5B1077‑16,"Kennedy,LC‑39A",Optus-X/TD7,"~4,000 kg (8,800 lb)[217]",GTO
Northrop Grumman-built geostationary military communications satellite for Australian satellite operator Optus.,,,,,
"November 18, 202405:53[218]",F9B5B1071‑20,"Vandenberg,SLC-4E",Starlink:Group 9-12(20satellites),"~16,300 kg (35,900 lb)",LEO
"Launch of 20 Starlink v2 mini satellites, including 13 with direct-to-cell connectivity, to a 535 km (332 mi) orbit at an inclination of 53° to expand internet constellation.",,,,,
"November 18, 202418:31[219]",F9B5B1073‑19,"Cape Canaveral,SLC‑40",GSAT-20(GSAT-N2),"4,700 kg (10,400 lb)",GTO
Indian telecommunications satellite forDish TV.[220],,,,,
"November 21, 202416:07[221]",F9B5B1069‑20,"Cape Canaveral,SLC‑40",Starlink:Group 6-66(24 satellites),"~17,500 kg (38,600 lb)",LEO
"Launch of 24 Starlink v2mini satellites to a 559 km (347 mi) orbit at an inclination of 43° to expand internet constellation. One of the fairing halves flew for a record 21st time. SLC-40 broke its own record for most launches from a single launch pad with 56 launches in this year, up from 55 launches last year.",,,,,
"November 24, 202405:25[222]",F9B5B1075‑15,"Vandenberg,SLC-4E",Starlink:Group 9-13(20satellites),"~16,300 kg (35,900 lb)",LEO
"Launch of 20 Starlink v2 mini satellites, including 13 with direct-to-cell connectivity, to a 535 km (332 mi) orbit at an inclination of 53° to expand internet constellation. 400th launch of Falcon 9 launch vehicle and 100th launch from SLC-4E.",,,,,
"November 25, 202410:02[223]",F9B5B1080‑13,"Cape Canaveral,SLC‑40",Starlink:Group 12-1(23 satellites),"~17,100 kg (37,700 lb)",LEO
"Launch of 23 Starlink v2 mini satellites, including 12 with direct-to-cell connectivity, to a 559 km (347 mi) orbit at an inclination of 43° to expand internet constellation. New first stage turnaround record of 13 days, 12 hours, and 44 minutes from this booster's previous launch (Flight 393) on November 11, the previous record was 21 days.[224]",,,,,
"November 27, 202404:41[225]",F9B5B1078‑15,"Kennedy,LC‑39A",Starlink:Group 6-76(24 satellites),"~17,500 kg (38,600 lb)",LEO
Launch of 24 Starlink v2mini satellites to a 559 km (347 mi) orbit at an inclination of 43° to expand internet constellation. 400th successful mission and Falcon's 375th overall successful landing.,,,,,
"November 30, 202405:00[226]",F9B5B1083‑6,"Cape Canaveral,SLC‑40",Starlink:Group 6-65(24 satellites),"~17,500 kg (38,600 lb)",LEO
Launch of 24 Starlink v2mini satellites to a 559 km (347 mi) orbit at an inclination of 43° to expand internet constellation. First time SpaceX has completed 15 Falcon launches in a calendar month.,,,,,
"November 30, 202408:10[227]",F9B5B1088‑1,"Vandenberg,SLC-4E",NROL-126(2Starshieldsatellites) +Starlink:Group N-01[228](20 satellites),"~16,100 kg (35,500 lb)(Starlink)",LEO
"Fifth launch of SpaceX/Northrop Grumman-built Starshield satellites for the National Reconnaissance Office, with 20 Starlink v2 mini satellites as rideshare. First time SpaceX has completed 16 Falcon and 17 SpaceX (includingStarship IFT-6) launches in a calendar month.",,,,,
"December 4, 202410:13[229]",F9B5B1067‑24,"Cape Canaveral,SLC‑40",Starlink:Group 6-70(24satellites),"~17,500 kg (38,600 lb)",LEO
"Launch of 24 Starlink v2mini satellites to a 559 km (347 mi) orbit at an inclination of 43° to expand internet constellation. First booster to fly 24th time, new record.",,,,,
"December 5, 202403:05[230]",F9B5B1081‑12,"Vandenberg,SLC-4E",Starlink:Group 9-14(20satellites),"~16,300 kg (35,900 lb)",LEO
"Launch of 20 Starlink v2 mini satellites, including 13 with direct-to-cell connectivity, to a 535 km (332 mi) orbit at an inclination of 53° to expand internet constellation.",,,,,
"December 5, 202416:10[231]",F9B5B1076‑19,"Kennedy,LC‑39A",SXM-9,"7,000 kg (15,000 lb)",GTO
"SXM-9 is a high-powered digital audio radio satellite for SiriusXM. Manufactured byMaxar Technologieson their 1300-class platform, the SXM-9 features a reflector that can unfurl to span nearly 10 meters (33 ft) to transmit.[232]SpaceX stated that this was the 100th booster landing on JRTI.[233]B1076 became the first booster to fly ten times in one calendar year on December 5, 2024.",,,,,
"December 8, 202405:12[234]",F9B5B1086‑2,"Cape Canaveral,SLC‑40",Starlink:Group 12-5(23 satellites),"~17,100 kg (37,700 lb)",LEO
"Launch of 23 Starlink v2 mini satellites, including 13 with direct-to-cell connectivity, to a 559 km (347 mi) orbit at an inclination of 43° to expand internet constellation. Booster 1086, used on this mission, was previously used as a Falcon Heavy side booster on the GOES-U mission. This marks the second time (afterB1052) SpaceX has converted a Falcon Heavy side booster into a traditional Falcon 9.",,,,,
"December 13, 202421:55[235]",F9B5B1082‑9,"Vandenberg,SLC-4E",Starlink:Group 11-2(22satellites),"~16,700 kg (36,800 lb)",LEO
"Launch of 22 Starlink v2mini satellites to a 535 km (332 mi) orbit at an inclination of 53° to expand internet constellation. 100th landing on droneship in 2024, a record.",,,,,
"December 17, 202400:52[236]",F9B5B1085‑4,"Cape Canaveral,SLC‑40",GPS III-7 (RRT-1)[237][238],"~4,350 kg (9,590 lb)",MEO
"Launch is part of Phase 2 US Air Force contract awarded in 2022. GPS III-7, originally scheduled to launch on a ULA Vulcan rocket, was reassigned to the Falcon 9, as a part of Rapid Response Trailblazer-1 (RRT-1) mission, following uncertainties in Vulcan's readiness. As a result, GPS III-10, originally planned to launch on the Falcon 9, will now launch onVulcan. Sixth time a second stage featured Falcon medium coast mission-extension kit.",,,,,
"December 17, 202413:19[239]",F9B5B1063‑22,"Vandenberg,SLC‑4E",NROL-149 (22Starshieldsatellites)[240],Unknown,LEO
Sixth launch of SpaceX/Northrop Grumman-built Starshield satellites for the National Reconnaissance Office.,,,,,
"December 17, 202422:26[241]",F9B5B1090‑1,"Kennedy,LC‑39A",O3b mPOWER7 & 8,"3,400 kg (7,500 lb)",MEO
"In August 2020, SES expanded the O3b mPOWER contract with two additional launches, raising the number of satellites from 7 to 11 satellites at nearly 2 tons each.[242]One of the fairings halves made its 22nd flight.",,,,,
"December 21, 202411:34[243]",F9B5B1071‑21,"Vandenberg,SLC-4E",Bandwagon-2(30 payload smallsat rideshare)[67][87]425 Project Flight 3,"800 kg (1,800 lb)(main satellite)+ unknown additional",LEO
Dedicated SmallSat Rideshare mission to 45 degree inclination 550–600 km altitude. 425 Project Flight 3 is a military SAR satellite of South Korea with a mass of ~800 kg.[244],,,,,
"December 23, 202405:35[245]",F9B5B1080‑14,"Kennedy,LC‑39A",Starlink:Group 12-2(21 satellites),"~16,500 kg (36,400 lb)",LEO
"Launch of 21 Starlink v2 mini satellites, including 13 with direct-to-cell connectivity, to a 559 km (347 mi) orbit at an inclination of 43° to expand internet constellation.",,,,,
"December 29, 202401:58[246]",F9B5B1075‑16,"Vandenberg,SLC-4E",Starlink:Group 11-3(22satellites),"~16,700 kg (36,800 lb)",LEO
Launch of 22 Starlink v2mini satellites to a 535 km (332 mi) orbit at an inclination of 53° to expand internet constellation.,,,,,
"December 29, 202405:00[247]",F9B5B1083‑7,"Cape Canaveral,SLC‑40",Astranis: From One to Many (4 satellites),"1,600 kg (3,500 lb)",GTO
"Dedicated Falcon 9 launch to put four Astranis MicroGEO communications satellites into service. The MicroGEOs were launched to a custom geostationary orbit, with the four satellites individually conducting on-orbit maneuvers to inject themselves into their orbital slots. The four spacecraft were mounted to a standard adapter ring, known as anESPA-Grande, for ease of deployment.[248]B1083 supported the Astranis mission, previously it was B1077, but due to some problem identified, the first stage of this mission was changed.",,,,,
"December 31, 202405:39[16]",F9B5B1078‑16,"Kennedy,LC‑39A",Starlink:Group 12-6(21satellites),"~16,500 kg (36,400 lb)",LEO
"Launch of 21 Starlink v2 mini satellites, including 13 with direct-to-cell connectivity, to a 559 km (347 mi) orbit at an inclination of 43° to expand internet constellation.",,,,,
